filename,ab,abbr,add,addrLine,address,cell,choice,closer,corr,date,dateline,del,div1,div2,expan,figDesc,figure,fw,gap,head,hi,item,lb,list,note,opener,orgName,orig,p,pb,persName,postscript,ref,reg,row,rs,salute,sic,signed,stamp,table,unclear
correspondence:wfc.css00436.xml,0,0,0,0,0,0,1,2,1,1,1,0,1,0,0,0,4,0,0,0,0,0,16,0,1,1,0,0,9,1,1,1,4,0,0,0,2,1,2,0,0,0
correspondence:wfc.css00060.xml,0,0,0,1,1,0,3,1,3,1,1,1,1,0,0,0,0,0,0,0,0,0,0,0,1,1,0,0,2,1,1,0,3,0,0,0,2,3,1,0,0,0
correspondence:wfc.css00064.xml,0,0,0,1,1,0,6,1,6,1,1,0,1,0,0,0,0,0,0,0,0,0,2,0,1,1,0,0,2,2,0,0,0,0,0,0,2,6,1,0,0,0
correspondence:wfc.css00020.xml,0,0,1,0,0,0,0,1,0,1,1,0,1,0,0,0,0,0,0,0,0,0,21,0,4,1,0,0,8,4,1,0,5,0,0,0,3,0,1,0,0,0
correspondence:wfc.css00561.xml,8,0,0,0,0,0,0,1,0,0,0,0,1,0,0,0,0,0,0,0,9,0,9,0,1,0,0,0,1,1,3,0,3,0,0,0,0,0,1,0,0,0
correspondence:wfc.css00438.xml,0,0,1,0,0,0,2,1,2,0,1,1,1,0,0,0,1,0,0,0,3,0,4,0,1,1,0,0,2,1,1,0,6,0,0,0,2,2,1,0,0,0
correspondence:wfc.css00052.xml,0,1,0,0,0,0,2,1,1,1,1,0,1,0,1,0,0,0,0,0,0,0,1,0,1,1,0,0,1,2,0,0,0,0,0,0,2,1,1,0,0,0
correspondence:wfc.css00045.xml,0,0,0,1,1,0,4,1,4,1,1,0,1,0,0,0,0,0,0,0,0,0,0,0,0,1,0,0,3,2,1,0,3,0,0,0,2,4,1,0,0,0
correspondence:wfc.css00046.xml,0,0,1,1,1,0,7,1,6,1,1,0,1,0,0,0,0,0,0,0,0,0,0,0,1,1,0,1,1,2,0,0,0,0,0,0,2,6,1,0,0,1
correspondence:wfc.css00063.xml,0,0,0,0,0,0,0,1,0,1,1,0,1,0,0,0,0,0,0,0,0,0,1,0,1,1,0,0,1,1,0,0,0,0,0,0,2,0,1,0,0,1
correspondence:wfc.css00439.xml,0,0,0,0,0,0,3,1,3,0,1,0,1,0,0,0,1,0,0,0,2,0,4,0,1,1,0,0,2,1,4,0,3,0,0,0,2,3,1,0,0,0
correspondence:wfc.css00672.xml,0,0,0,0,0,0,0,1,0,0,1,0,1,0,0,0,0,0,0,0,0,0,0,0,0,1,0,0,1,3,0,0,0,0,0,0,2,0,1,0,0,0
correspondence:wfc.css00441.xml,0,0,0,0,0,0,8,1,8,0,1,1,1,0,0,0,2,0,0,0,4,0,8,0,2,1,0,0,4,2,7,0,3,0,0,0,2,8,1,0,0,0
correspondence:wfc.css00062.xml,0,0,1,1,1,0,0,1,0,1,1,0,1,0,0,0,0,0,0,0,0,0,0,0,1,1,0,0,2,1,0,0,0,0,0,0,2,0,1,0,0,0
correspondence:wfc.css00047.xml,1,0,0,1,1,0,3,1,3,1,1,2,1,0,0,0,0,0,0,0,3,4,0,1,2,1,0,0,1,3,1,1,2,0,0,0,2,3,1,0,0,1
correspondence:wfc.css00053.xml,1,0,0,0,0,0,0,1,0,1,1,0,1,0,0,0,0,0,0,0,0,0,1,0,3,1,0,0,7,2,0,1,0,0,0,0,2,0,1,0,0,0
correspondence:wfc.css00560.xml,9,0,0,0,0,0,0,1,0,0,0,3,1,0,0,0,0,0,0,0,7,0,8,0,1,0,0,0,1,1,2,0,1,0,0,0,0,0,1,0,0,0
correspondence:wfc.css00051.xml,0,0,0,1,1,0,0,1,0,1,1,0,1,0,0,0,0,0,0,0,0,0,2,0,3,1,0,0,1,1,0,0,0,0,0,0,1,0,1,0,0,1
correspondence:wfc.css00049.xml,0,0,0,1,1,0,2,1,2,1,1,0,1,0,0,0,0,0,0,0,0,0,0,0,1,1,0,0,2,2,1,0,0,0,0,0,2,2,1,0,0,0
correspondence:wfc.css00061.xml,0,0,1,1,1,0,0,1,0,1,1,1,1,0,0,0,0,0,0,0,0,0,1,0,2,1,0,0,1,2,0,0,0,0,0,0,2,0,1,0,0,0
correspondence:wfc.css00016.xml,0,0,0,0,0,0,1,1,1,1,1,0,1,0,0,0,0,0,0,0,0,0,12,0,6,1,0,0,3,2,1,0,4,0,0,0,3,1,1,0,0,0
correspondence:wfc.css00059.xml,7,0,0,0,0,0,0,1,0,1,1,2,2,3,0,0,0,0,0,0,0,0,0,0,1,1,0,0,1,2,0,0,0,0,0,0,2,0,1,0,0,0
correspondence:wfc.css00455.xml,0,0,0,0,0,0,0,0,0,0,1,0,1,0,0,0,1,0,0,0,1,18,5,1,2,1,0,0,2,1,15,0,4,0,0,0,1,0,0,0,0,0
correspondence:wfc.css00050.xml,1,0,0,1,1,0,3,1,3,1,1,0,1,0,0,0,0,0,0,0,0,0,0,0,1,1,0,0,4,2,0,1,0,0,0,0,3,3,1,0,0,1
correspondence:wfc.css00065.xml,0,0,0,0,0,0,2,1,2,1,1,0,1,0,0,0,0,0,0,0,0,0,0,0,1,1,0,0,2,1,0,0,0,0,0,0,2,2,1,0,0,0
correspondence:wfc.css00435.xml,0,0,0,0,0,0,4,1,4,1,1,0,1,0,0,0,4,0,0,0,0,0,16,0,1,1,0,0,5,1,1,0,2,0,0,0,2,4,1,0,0,0
correspondence:wfc.css00456.xml,0,0,0,0,0,0,1,1,1,0,1,0,1,0,0,0,1,0,0,0,2,0,5,0,1,1,2,0,3,2,2,0,5,0,0,0,1,1,1,0,0,0
correspondence:wfc.css00057.xml,0,0,1,1,1,0,3,1,3,1,1,0,1,0,0,0,0,0,0,0,0,0,1,0,1,1,0,0,2,2,0,0,0,0,0,0,2,3,1,0,0,0
correspondence:wfc.css00048.xml,0,0,0,1,1,0,8,1,8,1,1,0,1,0,0,0,0,0,0,1,2,7,0,1,2,1,0,0,3,4,2,1,1,0,0,0,2,8,1,0,0,0
correspondence:wfc.css00669.xml,16,0,1,4,1,0,0,3,0,0,2,0,1,5,0,0,0,0,0,0,0,0,27,0,0,3,0,0,8,6,0,0,0,0,0,0,5,0,3,0,0,4
correspondence:wfc.css00055.xml,6,1,0,0,0,0,3,1,2,1,1,0,2,3,1,0,0,0,0,0,0,0,2,0,2,1,0,0,2,3,0,0,0,0,0,0,2,2,1,0,0,8
correspondence:wfc.css00437.xml,0,0,0,0,0,0,7,1,7,0,1,0,1,0,0,0,2,0,0,0,1,0,4,0,2,1,0,0,4,2,2,0,3,0,0,0,2,7,1,0,0,0
correspondence:wfc.css00670.xml,19,0,1,4,1,0,0,1,0,0,2,0,1,4,0,0,0,1,0,0,0,0,21,0,0,2,0,0,6,1,0,1,0,0,0,0,3,0,1,0,0,5
correspondence:wfc.css00668.xml,0,0,0,0,0,0,0,1,0,0,1,0,1,0,0,0,0,0,0,0,0,0,3,0,0,1,0,0,2,4,0,1,0,0,0,0,0,0,1,0,0,0
correspondence:wfc.css00056.xml,0,1,0,1,1,0,9,1,8,1,1,0,1,0,1,0,0,0,0,0,0,0,0,0,0,1,0,0,1,2,0,0,4,0,0,0,2,8,1,0,0,0
correspondence:wfc.css00043.xml,0,0,0,1,1,0,0,1,0,1,1,0,1,0,0,0,0,0,0,0,0,0,0,0,1,1,0,0,1,1,0,0,0,0,0,0,2,0,1,0,0,0
correspondence:wfc.css00040.xml,0,0,0,3,1,0,6,1,5,1,1,0,1,0,0,0,0,0,0,0,0,0,0,0,1,1,0,0,1,3,2,0,0,0,0,0,1,6,1,0,0,0
correspondence:wfc.css00012.xml,0,0,0,3,1,0,0,1,0,0,1,0,1,0,0,0,0,0,0,0,0,0,3,0,2,1,0,0,2,1,1,0,1,0,0,0,4,0,1,0,0,0
correspondence:wfc.css00014.xml,0,0,0,2,1,0,0,1,0,1,1,0,1,0,0,0,0,0,0,0,0,0,7,0,1,1,0,0,1,1,1,0,2,0,0,0,3,0,1,0,0,0
correspondence:wfc.css00044.xml,0,0,1,1,1,0,4,1,3,1,1,0,1,0,0,0,0,0,0,0,0,0,0,0,0,1,0,1,3,2,1,0,2,1,0,0,2,3,0,0,0,0
correspondence:wfc.css00562.xml,7,0,0,0,0,0,0,1,0,0,0,0,1,0,0,0,0,0,0,0,9,0,12,0,1,0,0,0,1,1,2,0,5,0,0,0,0,0,1,0,0,0
correspondence:wfc.css00442.xml,0,0,0,0,0,0,4,1,4,0,1,2,1,0,0,0,1,0,0,0,7,0,6,0,2,1,0,0,3,2,8,1,5,0,0,0,2,4,1,0,0,0
correspondence:wfc.css00038.xml,0,0,1,1,1,0,4,1,4,1,1,2,1,0,0,0,0,0,0,0,0,0,0,0,2,1,0,0,1,4,0,0,0,0,0,0,1,4,1,0,0,0
correspondence:wfc.css00015.xml,0,0,0,3,1,0,0,1,0,1,1,1,1,0,0,0,0,0,0,0,0,0,0,0,0,1,0,0,3,1,2,0,2,0,0,0,2,0,1,0,0,0
correspondence:wfc.css00039.xml,0,0,0,1,1,0,3,1,3,1,1,1,1,0,0,0,0,0,0,0,0,0,2,0,0,1,0,0,2,3,3,1,0,0,0,0,2,3,1,0,0,0
correspondence:wfc.css00054.xml,2,0,0,1,1,0,4,1,4,1,1,0,1,0,0,0,0,0,0,0,0,4,1,1,0,1,0,0,1,3,1,1,3,0,0,0,3,4,1,0,0,0
correspondence:wfc.css00042.xml,0,0,0,1,1,0,2,1,2,1,1,0,1,0,0,0,0,0,0,0,0,0,0,0,1,1,0,0,2,2,0,0,0,0,0,0,2,2,1,0,0,0
correspondence:wfc.css00667.xml,0,0,2,0,0,0,0,1,0,0,1,3,1,2,0,0,0,5,0,0,0,0,1,0,1,1,0,0,14,12,1,0,0,0,0,0,1,0,1,0,0,1
correspondence:wfc.css00037.xml,0,0,0,1,1,0,11,1,10,1,1,0,1,0,0,0,0,0,0,0,0,0,0,0,1,1,0,1,2,4,0,1,0,1,0,0,2,10,1,0,0,0
correspondence:wfc.css00058.xml,9,0,0,0,0,0,2,1,2,1,1,0,2,3,0,0,0,0,0,0,0,0,0,0,1,1,0,0,3,2,0,1,0,0,0,0,2,2,1,0,0,0
correspondence:wfc.css00473.xml,0,0,0,0,0,0,5,1,5,0,1,2,1,0,0,0,0,0,0,0,0,0,6,0,3,1,0,0,3,3,4,0,5,0,0,0,2,5,1,0,0,0
correspondence:wfc.css00444.xml,0,0,0,0,0,0,0,1,0,0,1,1,1,0,0,0,1,0,0,0,3,0,4,0,1,1,0,0,2,1,3,0,2,0,0,0,2,0,1,0,0,0
correspondence:wfc.css00565.xml,7,0,0,0,0,0,0,1,0,0,0,0,1,0,0,0,0,0,0,0,5,0,12,0,1,0,0,0,2,1,2,0,3,0,0,0,0,0,1,0,0,0
correspondence:wfc.css00577.xml,5,0,0,0,0,0,0,1,0,0,0,0,1,0,0,0,0,0,0,0,7,0,9,0,1,0,0,0,1,1,2,0,3,0,0,0,0,0,1,0,0,0
correspondence:wfc.css00452.xml,0,0,0,0,0,0,3,1,3,0,1,1,1,0,0,0,2,0,0,0,0,0,9,0,2,1,0,0,5,2,4,1,5,0,0,0,1,3,1,0,0,0
correspondence:wfc.css00472.xml,0,0,0,0,0,0,0,1,0,0,1,0,1,0,0,0,0,0,0,0,0,0,3,0,1,1,0,0,1,1,1,0,2,0,0,0,1,0,1,0,0,0
correspondence:wfc.css00443.xml,0,0,0,0,0,0,1,1,1,0,1,0,1,0,0,0,1,0,0,0,3,0,4,0,1,1,0,0,2,1,5,0,4,0,0,0,1,1,1,0,0,0
correspondence:wfc.css00564.xml,7,0,0,0,0,0,0,1,0,0,0,0,1,0,0,0,0,0,0,0,6,0,10,0,1,0,0,0,1,1,2,0,2,0,0,0,0,0,1,0,0,0
correspondence:wfc.css00580.xml,8,0,0,0,0,0,0,1,0,0,0,0,1,0,0,0,0,0,0,0,6,0,9,0,1,0,0,0,1,1,1,0,3,0,0,0,0,0,1,0,0,0
correspondence:wfc.css00460.xml,0,0,1,0,0,0,4,1,4,0,1,1,1,0,0,0,1,0,0,0,3,0,5,0,1,1,1,0,3,1,5,0,2,0,0,0,1,4,1,0,0,0
correspondence:wfc.css00453.xml,0,0,1,0,0,0,3,1,3,0,1,0,1,0,0,0,0,3,0,0,0,0,19,0,4,1,2,0,3,4,7,0,8,0,0,0,1,3,1,0,0,0
correspondence:wfc.css00463.xml,0,0,0,0,0,0,1,1,1,0,1,1,1,0,0,0,1,0,0,0,4,0,5,0,1,1,0,0,3,1,3,0,5,0,0,0,1,1,1,0,0,0
correspondence:wfc.css00457.xml,0,0,0,0,0,0,4,1,4,0,1,0,1,0,0,0,2,0,0,0,6,0,9,0,2,1,0,0,5,2,3,1,4,0,0,0,1,4,1,0,0,0
correspondence:wfc.css00567.xml,4,0,0,0,0,0,0,1,0,0,0,0,1,0,0,0,0,0,0,0,3,0,7,0,1,0,0,0,1,1,1,0,1,0,0,0,0,0,1,0,0,0
correspondence:wfc.css00462.xml,0,0,0,0,0,0,1,1,1,0,1,0,1,0,0,0,1,0,0,0,2,0,4,0,1,1,0,0,3,1,2,1,5,0,0,0,2,1,1,0,0,0
correspondence:wfc.css00471.xml,0,0,0,0,0,0,7,2,7,0,1,1,1,0,0,0,0,0,0,0,5,0,31,0,4,1,1,0,4,4,5,1,6,0,0,0,2,7,2,0,0,0
correspondence:wfc.css00449.xml,0,0,0,0,0,0,3,1,3,0,1,1,1,0,0,0,2,0,0,0,5,0,9,0,2,1,0,0,4,2,5,0,2,0,0,0,1,3,1,0,0,0
correspondence:wfc.css00467.xml,0,0,0,0,0,0,10,2,10,0,1,0,1,0,0,0,6,0,0,0,9,5,50,1,3,1,1,0,9,3,5,2,9,0,0,0,3,10,2,0,0,0
correspondence:wfc.css00465.xml,0,0,0,0,0,0,0,1,0,0,1,0,1,0,0,0,0,0,0,0,1,0,1,0,1,1,0,0,1,1,3,0,1,0,0,0,2,0,1,0,0,0
correspondence:wfc.css00458.xml,0,0,1,0,0,0,3,1,3,0,1,0,1,0,0,0,2,0,0,0,7,0,9,0,2,1,0,0,8,2,2,1,4,0,0,0,1,3,1,0,0,0
correspondence:wfc.css00440.xml,0,0,0,0,0,0,2,1,2,0,1,0,1,0,0,0,1,0,0,0,3,0,4,0,1,1,0,0,3,1,5,0,3,0,0,0,2,2,1,0,0,0
correspondence:wfc.css00466.xml,0,0,2,0,0,0,4,1,4,0,1,1,1,0,0,0,4,1,0,0,9,0,33,0,2,1,1,0,6,2,6,0,10,0,0,0,2,4,1,0,0,0
correspondence:wfc.css00573.xml,7,0,0,0,0,0,0,1,0,0,0,0,1,0,0,0,0,0,0,0,8,0,11,0,1,0,0,0,1,1,2,0,2,0,0,0,0,0,1,0,0,0
correspondence:wfc.css00470.xml,0,0,0,0,0,0,1,1,1,0,1,1,1,0,0,0,1,0,0,0,6,0,1,0,1,1,2,0,2,2,4,0,4,0,0,0,1,1,1,0,0,0
correspondence:wfc.css00566.xml,7,0,0,0,0,0,0,1,0,0,0,0,1,0,0,0,0,0,0,0,6,0,11,0,1,0,0,0,1,1,2,0,4,0,0,0,0,0,1,0,0,0
correspondence:wfc.css00576.xml,5,0,0,0,0,0,0,1,0,0,0,0,1,0,0,0,0,0,0,0,6,0,10,0,1,0,1,0,1,1,1,0,2,0,0,0,0,0,1,0,0,0
correspondence:wfc.css00575.xml,8,0,1,0,0,0,0,1,0,0,0,0,1,0,0,0,0,0,0,0,6,0,9,0,1,0,0,0,1,1,1,0,3,0,0,0,0,0,1,0,0,0
correspondence:wfc.css00578.xml,8,0,0,0,0,0,0,1,0,0,0,0,1,0,0,0,0,0,0,0,6,0,11,0,1,0,1,0,1,1,2,0,3,0,0,0,0,0,1,0,0,0
correspondence:wfc.css00073.xml,0,0,0,0,0,0,2,1,2,1,1,0,1,0,0,0,0,0,0,0,0,0,0,0,1,1,0,0,1,1,0,0,0,0,0,0,3,2,1,0,0,1
correspondence:wfc.css00569.xml,6,0,0,0,0,0,0,1,0,0,0,0,1,0,0,0,0,0,0,0,5,0,1,0,1,0,0,0,1,1,2,0,3,0,0,0,0,0,1,0,0,0
correspondence:wfc.css00574.xml,7,0,0,0,0,0,0,1,0,0,0,0,1,0,0,0,0,0,0,0,8,0,8,0,1,0,0,0,1,1,2,0,3,0,0,0,0,0,1,0,0,0
correspondence:wfc.css00568.xml,7,0,0,0,0,0,0,1,0,0,0,0,1,0,0,0,0,0,0,0,6,0,8,0,1,0,0,0,1,1,1,0,3,0,0,0,0,0,1,0,0,0
correspondence:wfc.css00451.xml,0,0,0,0,0,0,2,1,2,0,1,0,1,0,0,0,1,0,0,0,1,0,5,0,1,1,0,0,3,1,3,0,4,0,0,0,1,2,1,0,0,0
correspondence:wfc.css00461.xml,0,0,1,0,0,0,5,1,5,0,1,1,1,0,0,0,2,0,0,0,5,0,8,0,2,1,1,0,6,2,2,1,3,0,0,0,1,5,1,0,0,0
correspondence:wfc.css00447.xml,0,0,1,0,0,0,2,1,2,0,1,1,1,0,0,0,2,0,0,0,1,0,2,0,1,1,0,0,4,1,1,0,3,0,0,0,1,2,1,0,0,0
correspondence:wfc.css00450.xml,0,0,0,0,0,0,0,1,0,0,1,0,1,0,0,0,1,0,0,0,0,0,4,0,1,1,0,0,2,1,3,0,2,0,0,0,1,0,1,0,0,0
correspondence:wfc.css00581.xml,5,0,0,0,0,0,0,1,0,0,1,0,1,0,0,0,0,0,0,0,8,0,8,0,1,0,1,0,0,1,2,0,2,0,0,0,0,0,1,0,0,0
correspondence:wfc.css00563.xml,5,0,0,0,0,0,0,1,0,0,0,0,1,0,0,0,0,0,0,0,9,0,12,0,1,0,0,0,1,1,3,0,5,0,0,0,0,0,1,0,0,0
correspondence:wfc.css00446.xml,0,0,0,0,0,0,3,1,3,0,1,0,1,0,0,0,2,0,0,0,2,0,8,0,2,1,0,0,3,2,1,0,3,0,0,0,2,3,1,0,0,0
correspondence:wfc.css00579.xml,7,0,0,0,0,0,0,1,0,0,0,0,1,0,0,0,0,0,0,0,6,0,8,0,1,0,0,0,1,2,1,0,3,0,0,0,0,0,1,0,0,0
correspondence:wfc.css00459.xml,5,0,1,2,1,0,1,1,1,0,1,1,2,0,0,0,1,0,0,0,1,0,5,0,2,1,0,0,2,1,2,0,3,0,0,0,1,1,1,0,0,0
correspondence:wfc.css00469.xml,0,0,0,0,0,0,4,1,3,0,1,0,1,0,0,0,1,0,0,0,1,0,1,0,1,1,2,0,3,2,3,0,2,0,0,0,2,4,1,0,0,0
correspondence:wfc.css00445.xml,0,0,0,0,0,0,3,1,3,0,1,0,1,0,0,0,1,0,0,0,1,0,4,0,1,1,0,0,3,1,3,1,1,0,0,0,2,3,1,0,0,0
correspondence:wfc.css00464.xml,0,0,0,0,0,0,2,1,2,0,1,0,1,0,0,0,1,0,0,0,3,0,11,0,1,1,0,0,2,1,1,0,4,0,0,0,2,2,1,0,0,0
correspondence:wfc.css00454.xml,0,0,0,0,0,0,2,1,2,0,1,0,1,0,0,0,2,0,0,0,4,0,9,0,2,1,1,0,5,2,4,1,6,0,0,0,1,2,1,0,0,0
correspondence:wfc.css00570.xml,4,0,0,0,0,0,0,1,0,0,0,0,1,0,0,0,0,0,0,0,5,0,8,0,0,0,0,0,2,1,3,0,1,0,0,0,0,0,1,0,0,0
correspondence:wfc.css00572.xml,8,0,0,0,0,0,0,1,0,0,0,0,1,0,0,0,0,0,0,0,8,0,9,0,1,0,0,0,1,1,2,0,3,0,0,0,0,0,1,0,0,0
correspondence:wfc.css00571.xml,6,0,0,0,0,0,0,1,0,0,0,0,1,0,0,0,0,0,0,0,6,0,7,0,1,0,0,0,1,1,2,0,2,0,0,0,0,0,1,0,0,0
correspondence:wfc.css00468.xml,0,0,0,0,0,0,4,2,3,0,1,0,1,0,0,0,0,0,0,0,2,0,3,0,2,1,0,1,3,2,3,1,3,1,0,0,2,3,2,0,0,0
correspondence:wfc.css00448.xml,0,0,0,0,0,0,1,1,1,0,1,0,1,0,0,0,2,0,0,0,1,0,6,0,2,1,1,0,4,4,5,0,5,0,0,0,2,1,1,0,0,0
correspondence:wfc.css00478.xml,0,0,0,0,0,0,2,1,2,0,1,0,1,0,0,0,4,0,0,0,4,0,13,0,2,1,1,0,5,2,3,0,2,0,0,0,2,2,1,0,0,0
correspondence:wfc.css00586.xml,8,0,0,0,0,0,0,1,0,0,0,0,1,0,0,0,0,0,0,0,6,0,10,0,1,0,0,0,1,1,1,0,6,0,0,0,0,0,1,0,0,0
correspondence:wfc.css00497.xml,0,0,0,0,0,0,4,1,4,0,1,1,1,0,0,0,2,0,0,0,5,0,7,0,1,1,2,0,5,2,3,0,8,0,0,0,2,4,1,0,0,0
correspondence:wfc.css00494.xml,0,0,0,0,0,0,7,1,6,0,1,0,1,0,0,0,6,0,0,0,4,0,19,0,3,1,2,1,7,3,7,0,8,1,0,0,2,6,1,0,0,0
correspondence:wfc.css00505.xml,0,0,0,0,0,0,3,1,3,0,1,1,1,0,0,0,2,0,0,0,6,0,7,0,1,1,1,0,3,1,1,0,4,0,0,0,1,3,1,0,0,0
correspondence:wfc.css00484.xml,0,0,0,0,0,0,1,1,1,0,1,0,1,0,0,0,2,0,0,0,5,0,12,0,2,1,1,0,3,2,2,0,1,0,0,0,2,1,1,0,0,0
correspondence:wfc.css00480.xml,0,0,0,0,0,0,2,2,2,0,1,0,1,0,0,0,0,0,0,0,4,0,0,0,1,1,0,0,3,3,2,1,4,0,0,0,1,2,1,0,0,0
correspondence:wfc.css00501.xml,0,0,0,0,0,0,3,1,3,0,1,1,1,0,0,0,2,0,0,0,3,0,7,0,1,1,0,0,3,1,1,0,5,0,0,0,2,3,1,0,0,0
correspondence:wfc.css00474.xml,0,0,0,0,0,0,1,1,1,0,1,0,1,0,0,0,1,0,0,0,1,0,7,0,1,1,2,0,1,2,3,0,6,0,0,0,2,1,1,0,0,0
correspondence:wfc.css00487.xml,0,0,1,0,0,0,8,1,8,0,1,0,1,0,0,0,4,0,0,0,4,0,13,0,2,1,0,0,7,2,3,0,3,0,0,0,2,8,1,0,0,0
correspondence:wfc.css00481.xml,0,0,0,0,0,0,3,1,3,0,1,0,1,0,0,0,2,0,0,0,3,0,7,0,1,1,0,0,5,1,1,0,3,0,0,0,1,3,0,0,0,0
correspondence:wfc.css00477.xml,0,0,0,0,0,0,5,1,5,0,1,0,1,0,0,0,4,0,0,0,7,0,13,0,2,1,0,0,7,2,3,0,7,0,0,0,2,5,1,0,0,0
correspondence:wfc.css00508.xml,0,0,0,0,0,0,1,1,1,0,1,0,1,0,0,0,0,0,0,0,3,0,1,0,0,1,0,0,3,1,2,0,3,0,0,0,1,1,1,0,0,0
correspondence:wfc.css00500.xml,0,0,3,0,0,0,10,1,10,0,1,2,1,0,0,0,4,0,0,0,9,0,13,0,2,1,1,0,7,3,1,0,10,0,0,0,0,10,1,0,0,0
correspondence:wfc.css00021.xml,0,0,0,0,0,0,0,1,0,1,1,0,1,0,0,0,0,0,0,0,0,0,5,0,0,1,0,0,1,1,2,0,1,0,0,0,2,0,1,0,0,0
correspondence:wfc.css00482.xml,0,0,1,0,0,0,5,1,5,0,1,0,1,0,0,0,2,0,0,0,3,0,7,0,2,1,0,0,5,2,4,1,4,0,0,0,1,5,1,0,0,0
correspondence:wfc.css00504.xml,0,0,0,0,0,0,2,2,2,0,1,0,1,0,0,0,2,0,0,0,2,0,3,0,2,1,0,0,2,2,3,1,3,0,0,0,2,2,2,0,0,0
correspondence:wfc.css00582.xml,7,0,0,0,0,0,0,1,0,0,0,0,1,0,0,0,0,0,0,0,7,0,9,0,1,0,0,0,1,1,1,0,2,0,0,0,0,0,1,0,0,0
correspondence:wfc.css00506.xml,0,0,0,0,0,0,16,1,16,0,1,0,1,0,0,0,2,0,0,0,3,0,7,0,1,1,0,0,3,2,2,0,9,0,0,0,1,16,1,0,0,0
correspondence:wfc.css00509.xml,0,0,0,0,0,0,10,1,10,0,1,1,1,0,0,0,4,0,0,0,2,0,13,0,2,1,1,0,5,2,3,0,6,0,0,0,2,10,1,0,0,0
correspondence:wfc.css00495.xml,0,0,1,0,0,0,2,1,2,0,1,1,1,0,0,0,2,0,0,0,3,0,7,0,1,1,0,0,7,1,5,1,4,0,0,0,1,2,1,0,0,0
correspondence:wfc.css00491.xml,0,0,1,0,0,0,5,2,5,0,1,1,1,0,0,0,6,0,0,0,5,0,19,0,3,1,1,0,14,3,4,1,6,0,0,0,1,5,2,0,0,0
correspondence:wfc.css00502.xml,0,0,0,0,0,0,1,1,1,0,1,1,1,0,0,0,2,0,0,0,2,0,7,0,1,1,1,0,3,1,1,0,5,0,0,0,2,1,1,0,0,0
correspondence:wfc.css00483.xml,0,0,1,0,0,0,10,1,10,0,1,4,1,0,0,0,2,0,0,0,6,0,18,0,3,1,0,0,5,3,3,0,4,0,0,0,2,10,1,0,0,0
correspondence:wfc.css00585.xml,7,0,0,0,0,0,0,1,0,0,0,0,1,0,0,0,0,0,0,0,8,0,8,0,1,0,1,0,1,1,2,0,3,0,0,0,0,0,1,0,0,0
correspondence:wfc.css00488.xml,0,0,0,0,0,0,11,2,11,0,1,0,1,0,0,0,1,0,0,0,1,0,4,0,1,1,1,0,2,2,4,1,8,0,0,0,2,11,2,0,0,0
correspondence:wfc.css00493.xml,0,0,0,0,0,0,8,1,8,0,1,1,1,0,0,0,4,0,0,0,4,0,13,0,2,1,0,0,5,2,4,0,3,0,0,0,2,8,1,0,0,0
correspondence:wfc.css00499.xml,0,0,1,0,0,0,7,1,7,0,1,2,1,0,0,0,4,0,0,0,2,0,13,0,2,1,0,0,5,2,4,0,5,0,0,0,2,7,1,0,0,0
correspondence:wfc.css00512.xml,0,0,0,0,0,0,19,3,19,0,1,2,1,0,0,0,6,0,0,0,12,0,21,0,3,1,1,0,11,4,3,2,5,0,0,0,3,19,2,0,0,0
correspondence:wfc.css00584.xml,5,0,0,0,0,0,0,1,0,0,0,0,1,0,0,0,0,0,0,0,8,0,10,0,1,0,0,0,0,1,2,0,2,0,0,0,0,0,1,0,0,0
correspondence:wfc.css00517.xml,0,0,0,0,0,0,10,1,10,0,1,0,1,0,0,0,1,0,0,0,3,0,7,0,1,1,1,0,2,2,1,0,5,0,0,0,1,10,0,0,0,0
correspondence:wfc.css00583.xml,8,0,0,0,0,0,0,1,0,0,0,0,1,0,0,0,0,0,0,0,8,0,9,0,1,0,0,0,1,1,1,0,2,0,0,0,0,0,1,0,0,0
correspondence:wfc.css00503.xml,0,0,0,0,0,0,5,1,5,0,1,0,1,0,0,0,0,0,0,0,0,0,3,0,1,1,0,0,1,1,1,0,2,0,0,0,1,5,1,0,0,0
correspondence:wfc.css00489.xml,0,0,3,0,0,0,38,1,38,0,1,2,1,0,0,0,0,8,0,0,1,0,36,0,9,1,1,0,6,9,4,0,12,0,0,0,2,38,1,0,0,0
correspondence:wfc.css00496.xml,0,0,0,0,0,0,4,1,4,0,1,0,1,0,0,0,2,0,0,0,1,0,7,0,1,1,2,0,5,1,1,0,3,0,0,0,2,4,1,0,0,0
correspondence:wfc.css00515.xml,0,0,0,0,0,0,5,1,5,0,1,0,1,0,0,0,4,0,0,0,2,0,13,0,2,1,0,0,5,2,3,0,10,0,0,0,1,5,1,0,0,0
correspondence:wfc.css00513.xml,0,0,0,0,0,0,1,1,1,0,1,0,1,0,0,0,2,0,0,0,3,0,7,0,1,1,0,0,3,1,1,0,6,0,0,0,2,1,1,0,0,0
correspondence:wfc.css00516.xml,0,0,1,0,0,0,1,1,1,0,1,0,1,0,0,0,0,0,0,0,2,0,0,0,0,1,1,0,4,1,1,0,2,0,0,0,1,1,1,0,0,0
correspondence:wfc.css00476.xml,0,0,0,0,0,0,1,1,1,0,1,0,1,0,0,0,2,0,0,0,1,0,6,0,1,1,0,0,4,1,3,0,2,0,0,0,1,1,1,0,0,0
correspondence:wfc.css00511.xml,0,0,0,0,0,0,3,1,3,0,1,1,1,0,0,0,2,0,0,0,2,0,8,0,1,1,0,0,4,2,1,1,4,0,0,0,2,3,1,0,0,0
correspondence:wfc.css00514.xml,0,0,1,0,0,0,8,1,8,0,1,0,1,0,0,0,4,0,0,0,7,0,13,0,2,1,0,0,6,2,3,0,3,0,0,0,1,8,1,0,0,0
correspondence:wfc.css00486.xml,0,0,1,0,0,0,3,1,3,0,1,2,1,0,0,0,4,0,0,0,4,0,13,0,2,1,2,0,7,3,2,0,3,0,0,0,2,3,1,0,0,0
correspondence:wfc.css00485.xml,0,0,1,0,0,0,5,1,5,0,1,1,1,0,0,0,6,0,0,0,2,0,19,0,3,1,0,0,9,3,1,0,2,0,0,0,2,5,1,0,0,0
correspondence:wfc.css00475.xml,0,0,1,0,0,0,4,1,4,0,1,1,1,0,0,0,2,0,0,0,7,0,8,0,1,1,0,0,3,2,4,0,5,0,0,0,2,4,1,0,0,0
correspondence:wfc.css00492.xml,0,0,0,0,0,0,3,1,3,0,1,0,1,0,0,0,2,0,0,0,1,0,7,0,1,1,0,0,3,1,2,0,4,0,0,0,1,3,1,0,0,0
correspondence:wfc.css00510.xml,0,0,0,0,0,0,0,1,0,1,1,0,1,0,0,0,0,0,0,0,2,0,6,0,1,1,1,0,1,1,2,0,5,0,0,0,1,0,1,0,0,0
correspondence:wfc.css00490.xml,0,0,0,0,0,0,0,1,0,0,1,2,1,0,0,0,2,0,0,0,5,0,7,0,1,1,1,0,6,1,3,1,3,0,0,0,2,0,1,0,0,0
correspondence:wfc.css00479.xml,0,0,0,0,0,0,1,1,1,0,1,1,1,0,0,0,2,0,0,0,6,0,7,0,1,1,2,0,3,1,1,0,5,0,0,0,1,1,1,0,0,0
correspondence:wfc.css00498.xml,0,0,0,0,0,0,3,1,3,0,1,0,1,0,0,0,4,0,0,0,6,0,13,0,2,1,1,0,5,2,4,0,5,0,0,0,2,3,1,0,0,0
correspondence:wfc.css00507.xml,0,0,2,0,0,0,3,1,3,0,1,4,1,0,0,0,0,0,0,0,0,0,4,0,2,1,0,0,1,2,1,0,6,0,0,0,2,3,1,0,0,0
correspondence:wfc.css00357.xml,0,0,0,2,1,0,1,1,1,1,1,0,1,0,0,0,0,0,0,0,0,0,0,0,1,1,0,0,5,0,0,0,0,0,0,0,2,1,1,0,0,0
correspondence:wfc.css00434.xml,0,0,0,0,0,0,4,1,4,1,1,0,1,0,0,0,0,0,0,0,1,0,1,0,0,1,0,0,1,1,1,0,3,0,0,0,2,4,1,0,0,0
correspondence:wfc.css00530.xml,0,0,1,0,0,0,8,1,8,1,1,3,1,0,0,0,4,0,0,0,1,0,20,0,4,1,1,0,3,4,2,0,4,0,0,0,2,8,1,0,0,0
correspondence:wfc.css00526.xml,0,0,0,0,0,0,5,1,5,0,1,0,1,0,0,0,0,0,0,0,0,0,1,0,1,1,0,0,2,1,2,0,4,0,0,0,2,5,1,0,0,0
correspondence:wfc.css00371.xml,0,0,0,0,0,0,0,1,0,1,1,0,1,0,0,0,0,0,0,0,0,0,0,0,2,1,0,0,2,0,0,0,0,0,0,0,2,0,1,0,0,0
correspondence:wfc.css00085.xml,0,0,0,1,1,0,1,1,1,2,1,0,1,0,0,0,0,0,0,0,0,0,1,0,1,1,0,0,3,2,0,0,0,0,0,0,2,1,1,0,0,0
correspondence:wfc.css00534.xml,0,0,0,0,0,0,1,1,1,0,1,0,1,0,0,0,2,0,0,0,2,0,7,0,1,1,0,0,4,1,1,0,2,0,0,0,2,1,1,0,0,0
correspondence:wfc.css00380.xml,0,0,0,5,2,0,0,1,0,1,1,0,1,0,0,0,0,0,0,0,0,0,1,0,2,1,0,0,6,0,0,0,0,0,0,0,2,0,1,0,0,0
correspondence:wfc.css00374.xml,0,0,0,2,1,0,0,1,0,0,1,0,1,0,0,0,0,0,0,0,0,0,0,0,1,1,0,0,1,0,0,0,0,0,0,0,2,0,1,0,0,0
correspondence:wfc.css00364.xml,0,0,0,1,1,0,1,1,1,1,1,0,1,0,0,0,0,0,0,0,0,0,0,0,2,1,0,0,2,0,0,0,0,0,0,0,2,1,1,0,0,0
correspondence:wfc.css00023.xml,0,0,0,0,0,0,0,1,0,1,1,0,1,0,0,0,0,3,0,0,0,0,6,0,2,1,0,0,5,4,1,0,3,0,0,0,2,0,1,0,0,0
correspondence:wfc.css00531.xml,0,0,0,0,0,0,0,1,0,1,1,0,1,0,0,0,0,0,0,0,3,0,1,0,1,1,0,0,3,1,1,0,2,0,0,0,2,0,1,0,0,0
correspondence:wfc.css00381.xml,0,0,0,2,1,0,0,1,0,1,1,0,1,0,0,0,0,0,0,0,0,0,0,0,0,1,0,0,5,0,0,0,0,0,0,0,2,0,1,0,0,0
correspondence:wfc.css00362.xml,0,0,0,7,2,0,2,1,2,1,1,0,1,0,0,0,0,0,0,0,0,0,0,0,0,1,0,0,4,0,0,0,0,0,0,0,2,2,1,0,0,0
correspondence:wfc.css00366.xml,0,0,0,0,0,0,1,1,1,1,1,0,1,0,0,0,0,0,0,0,0,0,0,0,0,1,0,0,23,0,0,0,0,0,0,0,2,1,1,0,0,0
correspondence:wfc.css00377.xml,0,0,0,2,1,0,1,1,1,1,1,0,1,0,0,0,0,0,0,0,0,0,0,0,0,1,0,0,7,0,0,0,0,0,0,0,2,1,1,0,0,0
correspondence:wfc.css00522.xml,0,0,0,0,0,0,4,1,4,0,1,1,1,0,0,0,0,0,0,0,1,0,1,0,1,1,0,0,4,1,1,0,4,0,0,0,2,4,1,0,0,0
correspondence:wfc.css00537.xml,0,0,0,0,0,0,3,1,3,0,1,0,1,0,0,0,0,0,0,0,2,0,1,0,1,1,1,0,2,2,2,1,5,0,0,0,2,3,1,0,0,0
correspondence:wfc.css00369.xml,0,0,0,3,1,0,0,1,0,1,1,0,1,0,0,0,0,0,0,0,1,0,1,0,1,1,0,0,2,0,0,0,0,0,0,0,2,0,1,0,0,0
correspondence:wfc.css00368.xml,0,0,0,1,1,0,0,1,0,1,1,0,1,0,0,0,0,0,0,0,0,0,0,0,1,1,0,0,2,0,0,0,0,0,0,0,2,0,1,0,0,0
correspondence:wfc.css00402.xml,0,0,0,0,0,0,0,1,0,0,1,0,1,0,0,0,0,0,0,0,0,0,0,0,1,1,0,0,1,1,1,0,2,0,0,0,0,0,1,0,0,0
correspondence:wfc.css00536.xml,0,0,0,0,0,0,4,1,4,0,1,0,1,0,0,0,0,0,0,0,1,0,1,0,1,1,0,0,1,1,2,0,4,0,0,0,1,4,1,0,0,0
correspondence:wfc.css00529.xml,0,0,0,0,0,0,4,2,4,0,1,0,1,0,0,0,0,0,0,0,4,0,2,0,2,1,0,0,4,2,3,1,6,0,0,0,2,4,2,0,0,0
correspondence:wfc.css00521.xml,0,0,0,0,0,0,10,2,10,0,1,0,1,0,0,0,0,0,0,0,4,0,2,0,1,1,0,0,4,2,6,2,6,0,0,0,2,10,2,0,0,0
correspondence:wfc.css00367.xml,0,0,0,5,2,0,1,1,1,1,1,0,1,0,0,0,0,0,0,0,0,0,0,0,0,1,0,0,1,0,0,0,0,0,0,0,2,1,1,0,0,0
correspondence:wfc.css00356.xml,0,0,0,5,2,0,0,2,0,1,1,0,1,0,0,0,0,0,0,0,0,0,0,0,1,1,0,0,2,0,0,1,0,0,0,0,2,0,2,0,0,0
correspondence:wfc.css00540.xml,0,0,0,0,0,0,5,1,5,0,1,0,1,0,0,0,0,0,0,0,1,0,1,0,1,1,0,0,2,1,2,0,4,0,0,0,2,5,1,0,0,0
correspondence:wfc.css00527.xml,0,0,1,0,0,0,0,1,0,0,1,0,1,0,0,0,1,0,0,0,0,0,7,0,1,1,0,0,1,1,1,0,2,0,0,0,1,0,1,0,0,0
correspondence:wfc.css00524.xml,0,0,0,0,0,0,2,1,2,0,1,0,1,0,0,0,0,0,0,0,1,0,2,0,1,1,0,0,2,2,2,1,6,0,0,0,2,2,1,0,0,0
correspondence:wfc.css00539.xml,0,0,0,0,0,0,0,1,0,0,1,0,1,0,0,0,2,0,0,0,3,0,5,0,1,1,0,0,3,1,1,0,7,0,0,0,2,0,1,0,0,0
correspondence:wfc.css00518.xml,0,0,0,0,0,0,2,1,2,0,1,0,1,0,0,0,1,0,0,0,0,0,7,0,1,1,0,0,1,1,1,0,1,0,0,0,2,2,1,0,0,0
correspondence:wfc.css00373.xml,0,0,0,2,1,20,0,1,0,1,1,0,1,0,0,0,0,0,0,0,0,3,0,1,1,1,0,0,6,0,0,0,0,0,10,0,3,0,0,0,1,0
correspondence:wfc.css00525.xml,0,0,0,0,0,0,4,2,4,0,1,0,1,0,0,0,0,0,0,0,3,0,1,0,1,1,0,0,2,1,3,1,3,0,0,0,2,4,2,0,0,0
correspondence:wfc.css00528.xml,0,0,0,0,0,0,3,1,3,0,1,0,1,0,0,0,0,0,0,0,1,0,1,0,1,1,1,0,2,1,1,1,7,0,0,0,2,3,1,0,0,0
correspondence:wfc.css00370.xml,0,0,0,2,1,0,0,1,0,1,1,0,1,0,0,0,0,0,0,0,0,0,2,0,1,1,0,0,1,0,0,0,0,0,0,0,2,0,1,0,0,0
correspondence:wfc.css00089.xml,2,0,0,3,1,0,1,1,1,1,1,0,2,0,0,3,4,0,0,0,0,0,12,0,3,1,0,0,5,3,0,0,2,0,0,0,2,1,1,0,0,0
correspondence:wfc.css00360.xml,0,0,0,2,1,0,0,1,0,1,1,0,1,0,0,0,0,0,0,0,0,0,0,0,1,1,0,0,4,0,0,0,0,0,0,0,2,0,1,0,0,0
correspondence:wfc.css00376.xml,0,0,1,2,1,8,4,1,4,1,1,0,1,0,0,0,0,0,0,0,1,0,0,0,0,1,0,0,10,0,0,0,0,0,4,0,2,4,1,0,1,0
correspondence:wfc.css00532.xml,0,0,0,0,0,0,0,1,0,1,1,0,1,0,0,0,0,0,0,0,2,0,1,0,1,1,1,0,1,1,1,0,2,0,0,0,2,0,1,0,0,0
correspondence:wfc.css00375.xml,0,0,0,2,1,0,0,1,0,1,1,0,1,0,0,0,0,0,0,0,0,0,0,0,0,1,0,0,3,0,0,0,0,0,0,0,2,0,1,0,0,0
correspondence:wfc.css00533.xml,0,0,0,0,0,0,2,1,2,1,1,0,1,0,0,0,0,0,0,0,1,0,1,0,1,1,2,0,2,1,2,0,4,0,0,0,2,2,1,0,0,0
correspondence:wfc.css00363.xml,0,0,1,1,1,0,5,1,5,1,1,0,1,0,0,0,0,0,0,0,1,0,0,0,1,1,0,0,6,0,0,0,0,0,0,0,2,5,1,0,0,0
correspondence:wfc.css00519.xml,0,0,0,0,0,0,2,1,2,0,1,0,1,0,0,0,1,0,0,0,1,0,6,0,1,1,0,0,3,1,1,0,4,0,0,0,2,2,1,0,0,0
correspondence:wfc.css00535.xml,0,0,0,0,0,0,4,1,4,1,1,0,1,0,0,0,0,0,0,0,6,0,1,0,1,1,0,0,4,2,3,0,10,0,0,0,2,4,1,0,0,0
correspondence:wfc.css00359.xml,0,0,0,2,1,0,0,1,0,1,1,0,1,0,0,0,0,0,0,0,0,0,0,0,2,1,0,0,4,0,0,0,0,0,0,0,2,0,1,0,0,0
correspondence:wfc.css00372.xml,0,0,0,2,1,0,0,1,0,1,1,0,1,0,0,0,0,0,0,0,0,0,0,0,1,1,0,0,9,0,0,0,0,0,0,0,2,0,1,0,0,0
correspondence:wfc.css00538.xml,0,0,0,0,0,0,0,1,0,0,1,0,1,0,0,0,0,0,0,0,0,0,1,0,1,1,1,0,1,1,2,0,3,0,0,0,1,0,1,0,0,0
correspondence:wfc.css00358.xml,0,0,0,2,1,0,0,1,0,1,1,0,1,0,0,0,0,0,0,0,0,0,0,0,1,1,0,0,2,0,0,0,0,0,0,0,2,0,1,0,0,0
correspondence:wfc.css00523.xml,0,0,0,0,0,0,4,1,4,0,1,0,1,0,0,0,0,0,0,0,4,0,1,0,1,1,0,0,2,1,2,1,9,0,0,0,2,4,1,0,0,0
correspondence:wfc.css00520.xml,0,0,3,1,1,0,0,1,0,0,1,1,1,0,0,0,0,1,0,0,0,0,0,0,0,1,0,0,5,2,0,0,2,0,0,0,2,0,1,0,0,0
correspondence:wfc.css00133.xml,0,1,0,0,0,0,8,1,7,0,1,0,1,0,1,0,0,0,0,0,0,0,1,0,2,1,0,0,4,3,1,0,5,0,0,0,2,7,1,0,0,0
correspondence:wfc.css00113.xml,0,0,0,0,0,0,0,1,0,1,1,0,1,0,0,0,0,0,0,0,0,0,1,0,1,1,0,0,1,0,0,0,0,0,0,0,2,0,1,0,0,0
correspondence:wfc.css00124.xml,2,0,0,4,1,0,1,1,1,1,1,0,2,0,0,2,3,0,0,0,0,0,7,0,2,1,0,0,2,2,1,0,1,0,0,0,2,1,1,0,0,0
correspondence:wfc.css00136.xml,2,0,0,4,1,0,0,1,0,1,1,0,2,0,0,1,1,0,0,0,0,0,0,0,2,1,0,0,4,2,0,0,4,0,0,0,2,0,1,0,0,0
correspondence:wfc.css00119.xml,0,0,0,0,0,0,0,1,0,1,1,0,1,0,0,0,0,0,0,0,0,0,0,0,1,1,0,0,2,1,0,0,3,0,0,0,2,0,1,0,0,0
correspondence:wfc.css00548.xml,0,0,0,0,0,0,0,1,0,0,1,1,1,0,0,0,0,0,0,0,2,0,1,0,1,1,0,0,2,1,1,0,3,0,0,0,2,0,1,0,0,0
correspondence:wfc.css00129.xml,2,1,2,3,1,0,6,1,5,1,1,1,2,0,1,0,0,0,0,0,0,0,1,0,2,1,0,0,2,4,0,0,0,0,0,0,1,5,1,0,0,0
correspondence:wfc.css00107.xml,2,0,0,4,1,0,5,2,5,1,1,0,2,0,0,1,1,0,0,0,0,0,0,0,2,1,0,0,3,2,0,1,3,0,0,0,2,5,2,0,0,0
correspondence:wfc.css00135.xml,2,0,0,5,1,0,0,1,0,1,1,0,2,0,0,1,1,0,0,0,0,0,0,0,2,1,0,0,4,3,1,1,3,0,0,0,2,0,1,0,0,4
correspondence:wfc.css00118.xml,2,0,0,4,1,0,1,2,0,1,1,1,2,0,0,1,1,0,0,0,0,0,7,0,2,1,0,1,3,2,0,1,3,1,0,0,2,0,2,0,0,0
correspondence:wfc.css00547.xml,0,0,0,0,0,0,3,1,3,0,1,0,1,0,0,0,0,0,0,0,1,0,1,0,1,1,2,0,1,1,5,0,2,0,0,0,2,3,1,0,0,0
correspondence:wfc.css00145.xml,1,0,0,4,1,0,9,2,9,1,1,1,2,0,0,4,5,8,0,0,0,0,0,0,5,1,0,0,2,10,0,1,0,0,0,0,2,9,2,0,0,0
correspondence:wfc.css00151.xml,0,0,0,2,1,0,3,1,3,1,1,1,1,0,0,0,0,0,0,0,0,0,2,0,1,1,0,0,2,4,1,0,4,0,0,0,2,3,1,0,0,0
correspondence:wfc.css00550.xml,0,0,0,0,0,0,0,1,0,0,0,0,1,0,0,0,0,0,0,0,2,0,2,0,1,1,2,0,1,1,1,0,3,0,0,0,3,0,1,0,0,0
correspondence:wfc.css00424.xml,0,0,0,1,1,0,0,1,0,0,1,0,1,0,0,0,1,0,0,0,0,0,7,0,1,1,0,0,2,1,0,1,0,0,0,0,2,0,1,0,0,5
correspondence:wfc.css00587.xml,0,0,0,2,1,0,0,1,0,0,1,0,1,0,0,0,0,0,0,0,0,0,5,0,1,1,1,0,1,1,2,0,2,0,0,0,2,0,1,0,0,0
correspondence:wfc.css00549.xml,0,0,1,0,0,0,2,1,2,0,1,0,1,0,0,0,0,0,0,0,2,0,1,0,2,1,1,0,6,2,1,1,1,0,0,0,2,2,1,0,0,0
correspondence:wfc.css00134.xml,2,0,0,4,1,0,2,1,2,1,1,0,2,0,0,0,0,0,0,0,0,0,0,0,3,1,0,0,4,2,1,0,6,0,0,0,2,2,1,0,0,1
correspondence:wfc.css00158.xml,2,0,0,5,1,0,1,1,1,1,1,0,2,0,0,1,1,0,0,0,0,0,1,0,2,1,0,0,2,2,0,0,5,0,0,0,2,1,1,0,0,0
correspondence:wfc.css00146.xml,2,0,0,6,1,0,0,1,0,1,1,0,2,0,0,2,2,0,0,0,0,0,2,0,2,1,0,0,3,3,1,0,2,0,0,0,2,0,1,0,0,0
correspondence:wfc.css00099.xml,1,0,0,4,1,0,2,1,2,1,2,0,2,0,0,1,1,0,0,0,0,0,2,0,2,1,0,0,2,2,0,0,2,0,0,0,3,2,1,0,0,0
correspondence:wfc.css00034.xml,0,0,0,1,1,0,5,1,5,1,1,0,1,0,0,0,0,0,0,0,0,0,0,0,1,1,0,0,1,1,0,0,6,0,0,0,1,5,1,0,0,0
correspondence:wfc.css00105.xml,0,0,0,0,0,0,3,1,3,0,1,0,1,0,0,0,0,0,0,0,0,0,2,0,1,1,0,0,1,1,0,0,4,0,0,0,3,3,1,0,0,0
correspondence:wfc.css00101.xml,0,1,0,0,0,0,2,2,1,1,2,0,2,0,1,0,0,0,0,0,0,0,7,0,2,2,0,0,6,3,0,1,6,0,0,0,3,1,2,0,0,1
correspondence:wfc.css00108.xml,3,1,0,3,1,0,2,1,0,1,1,0,2,0,1,0,0,0,0,0,0,0,1,0,2,1,0,1,3,2,0,0,1,1,0,0,2,0,1,0,0,0
correspondence:wfc.css00541.xml,0,0,0,4,1,0,5,1,5,0,1,0,1,0,0,0,0,0,0,0,3,0,1,0,3,1,1,0,9,3,2,1,5,0,0,0,2,5,1,0,0,0
correspondence:wfc.css00588.xml,5,0,0,0,0,0,0,1,0,0,0,0,1,0,0,0,0,0,0,0,8,0,12,0,1,0,0,0,1,1,2,0,2,0,0,0,0,0,1,0,0,0
correspondence:wfc.css00130.xml,2,0,0,4,1,0,1,1,1,1,1,0,2,0,0,1,1,0,0,0,0,0,1,0,3,1,0,0,2,2,0,0,3,0,0,0,2,1,1,0,0,2
correspondence:wfc.css00112.xml,2,0,1,6,1,0,1,2,0,1,1,0,2,0,0,1,1,0,0,0,0,0,0,0,3,1,0,1,5,3,0,1,4,1,0,0,2,0,2,0,0,0
correspondence:wfc.css00542.xml,0,0,0,0,0,0,0,1,0,0,1,0,1,0,0,0,0,0,0,0,3,0,1,0,1,1,1,0,1,1,2,0,1,0,0,0,2,0,1,0,0,0
correspondence:wfc.css00552.xml,0,0,1,0,0,0,0,1,0,0,1,0,1,0,0,0,0,0,0,0,6,0,1,0,1,1,0,0,4,1,1,1,8,0,0,0,2,0,1,0,0,0
correspondence:wfc.css00545.xml,0,0,0,0,0,0,2,1,2,0,1,0,1,0,0,0,0,0,0,0,2,0,1,0,1,1,0,0,1,1,3,0,2,0,0,0,2,2,1,0,0,0
correspondence:wfc.css00117.xml,2,0,0,4,1,0,0,1,0,1,1,0,2,0,0,1,1,0,0,0,0,0,1,0,2,1,0,0,2,2,0,0,2,0,0,0,2,0,1,0,0,0
correspondence:wfc.css00006.xml,0,0,0,3,1,0,0,1,0,1,1,0,1,0,0,0,0,0,0,0,0,0,1,0,1,1,0,0,1,1,1,0,3,0,0,0,2,0,1,0,0,0
correspondence:wfc.css00125.xml,2,0,1,3,1,0,1,1,1,1,1,0,2,0,0,1,1,1,0,0,0,0,19,0,6,1,0,0,3,5,0,0,0,0,0,0,2,1,1,0,0,0
correspondence:wfc.css00128.xml,2,0,0,4,1,0,0,1,0,1,1,0,2,0,0,1,1,0,0,0,0,0,1,0,2,1,1,0,4,2,1,0,4,0,0,0,2,0,1,0,0,0
correspondence:wfc.css00123.xml,2,0,0,4,1,0,0,1,0,1,1,0,2,0,0,2,2,0,0,0,0,0,7,0,2,1,0,0,2,2,0,0,1,0,0,0,2,0,1,0,0,0
correspondence:wfc.css00127.xml,2,0,0,1,1,0,0,1,0,1,2,0,2,0,0,0,0,0,0,0,0,0,23,0,4,1,0,0,1,2,1,0,4,0,0,0,1,0,1,0,0,0
correspondence:wfc.css00007.xml,0,0,0,2,1,0,0,1,0,1,1,0,1,0,0,0,0,0,0,0,0,0,0,0,0,1,0,0,1,1,1,0,1,0,0,0,2,0,1,0,0,0
correspondence:wfc.css00102.xml,0,0,0,0,0,0,1,1,1,1,1,0,1,0,0,0,0,0,0,0,0,0,3,0,2,1,0,0,8,3,0,3,5,0,0,0,2,1,1,0,0,2
correspondence:wfc.css00361.xml,0,0,0,2,1,0,0,1,0,1,1,0,1,0,0,0,0,0,0,0,0,0,0,0,1,1,0,0,1,0,0,0,0,0,0,0,1,0,1,0,0,0
correspondence:wfc.css00551.xml,0,0,0,0,0,0,1,1,1,0,1,0,1,0,0,0,0,0,0,0,1,0,3,0,1,1,1,0,3,1,1,0,3,0,0,0,2,1,1,0,0,0
correspondence:wfc.css00154.xml,0,0,0,0,0,0,2,2,2,1,1,0,1,0,0,2,2,0,0,0,0,0,9,0,2,1,0,0,2,2,0,1,2,0,0,0,2,2,2,0,0,0
correspondence:wfc.css00103.xml,5,0,1,5,1,0,2,1,0,1,1,2,2,0,0,1,1,0,0,0,1,0,0,0,2,1,0,2,3,2,1,0,4,2,0,0,1,0,1,0,0,0
correspondence:wfc.css00544.xml,0,0,0,0,0,0,1,1,1,0,1,0,1,0,0,0,0,0,0,0,1,0,1,0,1,1,0,0,3,1,1,0,5,0,0,0,2,1,1,0,0,0
correspondence:wfc.css00546.xml,0,0,0,0,0,0,2,1,2,0,2,0,1,0,0,0,0,0,0,0,1,0,1,0,1,1,2,0,2,1,1,0,3,0,0,0,1,2,1,0,0,0
correspondence:wfc.css00157.xml,1,0,1,4,1,0,3,1,3,1,1,0,2,0,0,0,0,0,0,0,0,0,1,0,2,1,0,0,3,2,0,0,5,0,0,0,2,3,1,0,0,0
correspondence:wfc.css00005.xml,0,0,0,1,1,0,0,1,0,1,1,0,1,0,0,0,0,0,0,0,0,0,0,0,1,1,0,0,2,1,0,0,0,0,0,0,2,0,1,0,0,0
correspondence:wfc.css00543.xml,0,0,0,0,0,0,2,1,2,0,1,0,1,0,0,0,0,0,0,0,1,0,2,0,2,1,1,0,4,2,5,0,6,0,0,0,2,2,1,0,0,0
correspondence:wfc.css00122.xml,2,0,0,4,1,0,2,1,2,1,2,0,2,0,0,6,6,3,0,0,0,0,15,0,5,1,0,0,3,5,1,0,6,0,0,0,2,2,1,0,0,0
correspondence:wfc.css00229.xml,3,0,0,4,1,0,9,1,9,1,1,0,2,0,0,4,4,0,0,0,0,0,39,0,4,1,0,0,5,4,0,0,0,0,0,0,2,9,1,0,0,1
correspondence:wfc.css00671.xml,0,0,0,4,2,0,0,2,0,0,2,0,1,2,0,0,0,0,0,0,0,0,0,0,0,2,0,0,8,1,1,0,0,0,0,0,4,0,2,0,0,0
correspondence:wfc.css00027.xml,0,0,0,0,0,0,3,1,3,0,0,0,1,0,0,0,0,0,0,0,0,0,0,0,0,1,0,0,4,1,0,0,0,0,0,0,1,3,1,0,0,1
correspondence:wfc.css00554.xml,0,0,1,0,0,0,0,1,0,0,1,0,1,0,0,0,1,0,0,0,3,0,1,0,1,1,0,0,3,1,1,0,4,0,0,0,2,0,1,0,0,0
correspondence:wfc.css00033.xml,0,0,0,1,1,0,1,1,1,1,1,0,1,0,0,0,0,0,0,0,0,0,1,0,1,1,0,0,2,2,0,1,4,0,0,0,2,1,1,0,0,0
correspondence:wfc.css00422.xml,0,0,0,0,0,0,4,1,4,0,1,0,1,0,0,0,0,0,0,0,0,0,5,0,1,1,0,0,8,2,0,0,0,0,0,0,2,4,1,0,0,0
correspondence:wfc.css00010.xml,0,0,0,3,1,0,0,1,0,1,1,0,1,0,0,0,0,0,0,0,0,0,0,0,1,1,0,0,4,1,0,0,0,0,0,0,2,0,1,0,0,3
correspondence:wfc.css00558.xml,0,0,0,0,0,0,3,1,3,0,1,0,1,0,0,0,0,0,0,0,1,0,2,0,1,1,0,0,4,1,1,0,6,0,0,0,2,3,1,0,0,0
correspondence:wfc.css00382.xml,0,0,0,0,0,0,1,1,1,1,1,1,1,0,0,0,1,0,0,1,0,0,7,0,2,1,0,0,5,1,0,0,6,0,0,0,2,1,1,0,0,0
correspondence:wfc.css00388.xml,0,0,1,0,0,0,6,1,5,1,1,0,1,0,0,0,1,0,0,0,0,0,1,0,1,1,0,1,4,1,3,0,4,1,0,0,2,5,1,0,0,1
correspondence:wfc.css00400.xml,3,0,0,4,1,0,2,1,2,0,1,0,2,0,0,0,1,0,0,0,0,0,5,0,3,1,0,0,5,1,1,0,6,0,0,0,1,2,1,0,0,0
correspondence:wfc.css00593.xml,0,0,0,4,1,0,0,1,0,0,0,0,1,0,0,0,0,0,0,0,0,0,5,0,1,1,0,0,1,1,0,0,4,0,0,0,0,0,1,0,0,0
correspondence:wfc.css00398.xml,3,0,0,6,2,0,0,1,0,0,1,0,2,0,0,0,3,0,0,0,0,0,16,0,2,1,0,0,5,1,0,0,0,0,0,0,2,0,1,0,0,1
correspondence:wfc.css00274.xml,2,0,0,5,1,0,1,1,1,1,1,0,3,5,0,1,1,0,0,6,0,0,5,0,3,1,0,0,16,3,0,0,3,0,0,0,2,1,1,0,0,0
correspondence:wfc.css00595.xml,0,0,0,2,1,0,0,1,0,1,1,1,1,0,0,0,0,0,0,0,0,0,2,0,2,1,0,0,1,1,0,0,3,0,0,0,0,0,1,0,0,0
correspondence:wfc.css00280.xml,2,0,0,7,2,0,0,1,0,1,1,0,2,0,0,1,1,0,0,0,0,0,9,0,2,1,0,0,3,2,1,0,4,0,0,0,2,0,1,0,0,0
correspondence:wfc.css00408.xml,4,0,3,9,2,0,0,1,0,0,1,1,2,0,0,0,1,0,0,0,0,0,16,0,2,1,0,0,3,2,0,0,0,0,0,0,2,0,1,0,0,0
correspondence:wfc.css00557.xml,0,0,0,0,0,0,2,1,2,0,1,1,1,0,0,0,0,0,0,0,0,6,7,1,1,1,0,0,3,1,2,0,6,0,0,0,2,2,1,0,0,0
correspondence:wfc.css00596.xml,0,0,0,2,1,0,0,1,0,1,1,0,1,0,0,0,0,0,0,0,0,0,1,0,1,1,0,0,1,1,0,0,5,0,0,0,0,0,1,0,0,0
correspondence:wfc.css00300.xml,0,0,1,0,0,0,6,1,6,1,1,1,1,0,0,0,0,1,0,0,0,0,5,0,3,1,0,0,4,3,2,0,6,0,0,0,2,6,1,0,0,0
correspondence:wfc.css00555.xml,0,0,0,0,0,0,1,1,1,0,1,0,1,0,0,0,0,0,0,0,6,4,0,1,1,1,0,0,2,1,1,1,6,0,0,0,2,1,1,0,0,0
correspondence:wfc.css00599.xml,0,0,0,0,0,0,1,1,0,0,0,0,1,0,0,0,0,0,0,0,0,0,3,0,3,1,0,1,3,2,0,0,3,1,0,0,2,0,1,1,0,0
correspondence:wfc.css00413.xml,0,0,0,1,1,0,0,1,0,0,2,0,1,0,0,0,0,0,0,0,0,0,6,0,2,1,0,0,1,1,0,0,0,0,0,0,1,0,1,0,0,0
correspondence:wfc.css00390.xml,1,0,0,2,1,0,0,1,0,1,1,1,2,0,0,0,1,0,0,0,0,0,5,0,3,1,0,0,5,1,0,0,0,0,0,0,3,0,1,0,0,3
correspondence:wfc.css00589.xml,0,0,0,3,1,0,0,1,0,1,1,0,1,0,0,0,0,0,0,0,0,0,7,0,3,1,0,0,1,1,0,0,1,0,0,0,2,0,1,1,0,0
correspondence:wfc.css00399.xml,3,0,0,4,1,0,0,1,0,0,1,0,2,0,0,0,2,0,0,0,0,0,8,0,2,1,0,0,4,2,0,1,0,0,0,0,2,0,1,0,0,0
correspondence:wfc.css00008.xml,0,0,0,2,1,0,0,1,0,1,1,0,1,0,0,0,0,0,0,0,0,0,0,0,1,1,0,0,1,1,1,0,0,0,0,0,2,0,1,0,0,0
correspondence:wfc.css00415.xml,2,0,0,4,1,0,0,1,0,0,0,0,2,0,0,0,0,0,0,0,0,0,14,0,2,0,0,0,2,1,0,0,0,0,0,0,1,0,1,0,0,0
correspondence:wfc.css00392.xml,3,0,0,3,1,0,1,1,1,0,0,0,2,0,0,0,0,0,0,0,0,0,11,0,10,1,0,0,2,2,2,0,2,0,0,0,1,1,1,0,0,0
correspondence:wfc.css00275.xml,2,0,0,5,1,0,0,1,0,1,1,1,2,0,0,1,1,0,0,0,0,0,1,0,2,1,0,0,3,2,1,0,5,0,0,0,2,0,1,0,0,0
correspondence:wfc.css00393.xml,1,0,0,0,0,0,3,1,1,1,1,0,1,0,0,0,1,0,0,0,0,0,0,0,1,1,0,2,3,1,1,0,3,2,0,0,2,1,1,0,0,0
correspondence:wfc.css00394.xml,4,0,0,5,2,0,0,1,0,1,1,0,2,0,0,0,3,0,0,0,0,0,9,0,3,1,0,0,5,2,2,0,4,0,0,0,2,0,1,0,0,0
correspondence:wfc.css00598.xml,0,0,0,0,0,0,1,1,0,0,0,0,1,0,0,0,0,0,0,0,0,0,7,0,6,1,0,1,3,2,0,0,2,1,0,0,2,0,1,1,0,0
correspondence:wfc.css00230.xml,2,0,0,4,1,0,4,1,4,1,1,0,2,0,0,1,1,0,0,0,0,0,7,0,2,1,0,0,3,3,0,0,6,0,0,0,1,4,1,0,0,0
correspondence:wfc.css00009.xml,0,0,0,0,0,0,0,1,0,1,1,0,1,0,0,0,0,0,0,0,0,0,0,0,1,1,0,0,3,1,0,0,0,0,0,0,3,0,1,0,0,3
correspondence:wfc.css00004.xml,0,0,0,1,1,0,0,0,0,1,1,0,1,0,0,0,0,0,0,0,0,0,3,0,1,1,0,0,2,1,0,0,0,0,0,0,1,0,0,0,0,0
correspondence:wfc.css00597.xml,0,0,0,3,1,0,0,1,0,1,1,0,1,0,0,0,0,0,0,0,0,0,16,0,3,1,0,0,2,1,0,0,4,0,0,0,2,0,1,6,0,0
correspondence:wfc.css00591.xml,0,0,0,2,1,0,0,0,0,1,1,0,1,0,0,0,0,0,0,0,0,0,1,0,1,1,0,0,1,1,0,0,1,0,0,0,0,0,0,0,0,0
correspondence:wfc.css00553.xml,0,0,0,0,0,0,3,1,3,0,1,0,1,0,0,0,0,0,0,0,1,0,1,0,1,1,0,0,3,1,1,0,6,0,0,0,2,3,1,0,0,0
correspondence:wfc.css00277.xml,2,0,0,6,2,0,0,1,0,1,1,0,2,0,0,1,1,1,0,0,0,0,9,0,3,1,0,0,6,3,0,0,5,0,0,0,2,0,1,0,0,0
correspondence:wfc.css00389.xml,0,0,0,0,0,0,1,1,1,1,1,0,1,0,0,0,1,0,0,0,2,0,1,0,2,1,0,0,3,1,0,1,5,0,0,0,2,1,1,0,0,0
correspondence:wfc.css00556.xml,0,0,0,0,0,0,4,1,4,0,1,0,1,0,0,0,0,0,0,0,2,0,1,0,1,1,0,0,2,1,2,0,3,0,0,0,2,4,1,0,0,0
correspondence:wfc.css00196.xml,2,0,0,4,1,0,2,1,2,1,1,0,2,0,0,1,1,0,0,0,0,0,0,0,2,1,0,0,4,2,0,0,4,0,0,0,2,2,1,0,0,0
correspondence:wfc.css00226.xml,0,0,0,0,0,0,0,1,0,1,1,1,1,0,0,0,0,0,0,0,0,0,0,0,2,1,0,0,2,1,0,1,3,0,0,0,2,0,1,0,0,0
correspondence:wfc.css00559.xml,0,0,0,0,0,0,0,1,0,0,1,0,1,0,0,0,0,0,0,0,1,0,1,0,1,1,0,0,3,1,1,0,4,0,0,0,2,0,1,0,0,0
correspondence:wfc.css00594.xml,0,0,0,4,1,0,0,1,0,0,0,0,1,0,0,0,0,0,0,0,6,0,8,0,3,1,0,0,1,1,0,0,2,0,0,0,0,0,1,1,0,0
correspondence:wfc.css00592.xml,0,0,0,2,1,0,0,1,0,1,1,0,1,0,0,0,0,0,0,0,0,0,1,0,1,1,0,0,1,1,0,0,3,0,0,0,3,0,1,0,0,0
correspondence:wfc.css00279.xml,2,0,0,7,2,0,0,1,0,1,1,2,2,0,0,1,1,0,0,0,0,0,6,0,2,1,0,0,2,2,1,0,4,0,0,0,2,0,1,0,0,0
correspondence:wfc.css00011.xml,0,0,0,2,1,0,1,1,1,1,1,0,1,0,0,0,0,0,0,0,0,0,0,0,1,1,0,0,2,1,0,0,6,0,0,0,2,1,1,0,0,0
correspondence:wfc.css00590.xml,0,0,0,3,1,0,0,0,0,1,1,1,1,0,0,0,0,0,0,0,0,0,1,0,1,1,0,0,1,1,0,0,2,0,0,0,0,0,0,0,0,0
correspondence:wfc.css00600.xml,0,0,0,3,1,0,0,1,0,1,1,0,1,0,0,0,0,0,0,0,0,0,3,0,1,1,0,0,2,1,0,0,1,0,0,0,2,0,1,0,0,0
correspondence:wfc.css00401.xml,0,0,0,0,0,0,0,1,0,0,1,0,1,0,0,0,1,0,0,0,0,0,7,0,1,1,0,0,1,1,1,0,2,0,0,0,1,0,1,0,0,0
correspondence:wfc.css00386.xml,0,0,0,1,1,0,1,1,1,0,2,0,1,0,0,0,0,0,0,0,0,0,6,0,4,1,0,0,1,1,1,0,3,0,0,1,1,1,1,0,0,0
correspondence:wfc.css00391.xml,0,0,0,1,1,0,0,1,0,2,1,0,1,0,0,0,0,0,0,0,0,0,5,0,4,1,0,0,1,1,1,0,2,0,0,0,1,0,1,0,0,0
correspondence:wfc.css00407.xml,0,0,0,0,0,0,0,1,0,0,0,0,1,0,0,0,1,0,0,0,0,0,6,0,1,1,0,0,3,2,0,1,0,0,0,0,1,0,1,0,0,0
correspondence:wfc.css00383.xml,0,0,0,0,0,100,0,1,0,0,0,0,2,0,0,0,1,0,0,0,0,0,8,0,2,1,0,0,2,1,1,0,2,0,25,0,1,0,1,0,1,0
correspondence:wfc.css00387.xml,0,0,0,3,1,0,0,1,0,1,2,0,1,0,0,0,0,0,0,0,0,0,10,0,3,1,0,0,1,1,1,0,1,0,0,1,0,0,1,0,0,0
correspondence:wfc.css00410.xml,0,0,0,4,1,0,0,1,0,0,1,0,1,0,0,0,1,1,0,0,0,0,14,0,2,1,0,0,4,2,0,0,0,0,0,0,2,0,1,0,0,0
correspondence:wfc.css00310.xml,3,0,1,4,1,0,6,1,6,1,1,0,2,0,0,1,3,0,0,0,0,0,12,0,2,1,0,0,4,2,1,0,4,0,0,0,1,6,1,0,0,0
correspondence:wfc.css00608.xml,0,0,0,4,1,0,0,1,0,1,1,0,1,0,0,0,0,0,0,0,0,0,15,0,2,1,0,0,3,1,0,0,4,0,0,0,2,0,1,1,0,0
correspondence:wfc.css00417.xml,0,0,0,1,1,0,15,1,15,0,2,0,2,0,0,0,1,0,0,0,0,0,0,0,1,1,0,0,1,2,0,0,0,0,0,0,2,15,1,0,0,0
correspondence:wfc.css00412.xml,0,0,0,1,1,0,0,1,0,0,2,0,1,0,0,0,0,0,0,0,0,0,16,0,3,1,0,0,1,1,0,0,0,0,0,0,1,0,1,0,0,0
correspondence:wfc.css00423.xml,0,0,1,0,0,0,0,1,0,0,1,2,1,0,0,0,0,0,0,0,2,0,9,0,1,1,0,0,4,1,0,0,0,0,0,0,1,0,1,0,0,0
correspondence:wfc.css00395.xml,4,0,0,3,1,0,2,1,2,0,1,0,2,0,0,0,3,0,0,0,0,0,10,0,2,1,0,0,3,2,0,0,0,0,0,0,2,2,1,0,0,0
correspondence:wfc.css00609.xml,0,0,0,3,1,0,0,1,0,1,1,0,1,0,0,0,0,0,0,0,0,0,1,0,2,1,0,0,2,1,0,0,1,0,0,0,2,0,1,1,0,0
correspondence:wfc.css00611.xml,0,0,0,2,1,0,0,1,0,1,1,0,1,0,0,0,0,0,0,0,1,0,9,0,3,1,0,0,1,1,0,0,1,0,0,0,2,0,1,1,0,0
correspondence:wfc.css00420.xml,1,0,0,0,0,0,3,1,3,0,1,1,1,0,0,0,1,0,0,0,0,0,12,0,1,1,0,0,3,1,0,0,0,0,0,0,2,3,1,0,0,0
correspondence:wfc.css00032.xml,0,0,0,5,2,0,5,1,5,1,1,0,1,0,0,0,0,0,0,0,0,0,1,0,0,1,0,0,2,1,0,1,4,0,0,0,2,5,1,0,0,0
correspondence:wfc.css00035.xml,0,0,0,3,1,0,0,1,0,0,1,0,1,0,0,0,0,0,0,0,0,0,0,0,2,1,0,0,1,1,0,0,0,0,0,0,2,0,1,0,0,0
correspondence:wfc.css00031.xml,1,0,0,2,2,0,0,1,0,0,1,0,2,2,0,0,0,0,0,0,0,0,0,0,2,1,0,0,1,1,0,0,0,0,0,0,1,0,1,0,0,0
correspondence:wfc.css00304.xml,0,0,0,0,0,0,0,1,0,1,1,0,1,0,0,0,0,0,0,0,0,0,5,0,1,1,0,0,1,1,0,0,3,0,0,0,2,0,1,0,0,0
correspondence:wfc.css00028.xml,2,0,0,8,2,0,5,1,5,0,0,0,2,3,0,0,0,0,1,0,0,0,0,0,1,1,0,0,2,1,0,0,0,0,0,0,1,5,1,0,0,0
correspondence:wfc.css00350.xml,0,0,0,4,1,0,0,1,0,1,1,0,1,0,0,0,0,0,0,0,0,0,0,0,1,1,0,0,3,1,0,0,0,0,0,0,2,0,1,0,0,0
correspondence:wfc.css00601.xml,0,0,0,2,1,0,0,1,0,1,1,0,1,0,0,0,0,0,0,0,0,0,1,0,3,1,0,0,2,1,0,0,1,0,0,0,2,0,0,1,0,0
correspondence:wfc.css00607.xml,0,0,0,2,1,0,0,1,0,1,1,0,1,0,0,0,0,0,0,0,0,0,1,0,3,1,0,0,3,2,0,0,1,0,0,0,2,0,1,1,0,0
correspondence:wfc.css00604.xml,0,0,0,3,1,0,0,1,0,1,1,0,1,0,0,0,0,0,0,0,0,0,1,0,2,1,0,0,5,2,0,0,1,0,0,0,2,0,1,1,0,0
correspondence:wfc.css00429.xml,0,0,1,1,1,0,0,1,0,0,2,1,1,0,0,0,0,0,0,0,0,0,12,0,3,1,0,0,1,0,0,0,0,0,0,0,1,0,1,0,0,0
correspondence:wfc.css00612.xml,0,0,0,2,1,0,0,1,0,1,1,0,1,0,0,0,0,0,0,0,0,0,1,0,1,1,0,0,2,1,0,0,1,0,0,0,2,0,1,0,0,0
correspondence:wfc.css00430.xml,0,0,0,2,2,0,0,1,0,0,1,0,1,0,0,0,1,0,0,0,0,0,20,0,3,1,0,0,1,1,0,0,0,0,0,0,1,0,1,0,0,0
correspondence:wfc.css00403.xml,0,0,0,0,0,0,0,1,0,0,0,0,1,0,0,0,0,0,0,0,0,0,8,0,1,1,0,0,3,1,0,1,0,0,0,0,1,0,1,0,0,0
correspondence:wfc.css00606.xml,0,0,0,2,1,0,0,1,0,1,1,0,1,0,0,0,0,0,0,0,0,0,0,0,0,1,0,0,2,1,0,0,1,0,0,0,2,0,1,0,0,0
correspondence:wfc.css00029.xml,0,0,0,0,0,0,2,0,2,0,0,0,1,0,0,0,0,1,0,0,0,0,0,0,0,0,0,0,1,1,0,0,0,0,0,0,0,2,0,0,0,1
correspondence:wfc.css00416.xml,5,0,0,4,1,0,0,1,0,0,1,1,2,0,0,0,3,0,0,0,0,0,6,0,3,1,0,0,3,3,0,0,0,0,0,0,2,0,1,0,0,0
correspondence:wfc.css00036.xml,0,0,0,1,1,0,3,1,3,1,1,0,1,0,0,0,0,0,0,0,0,0,2,0,0,1,0,0,1,2,1,0,0,0,0,0,2,3,1,0,0,0
correspondence:wfc.css00610.xml,0,0,0,5,2,0,0,1,0,1,1,0,1,0,0,0,0,0,0,0,0,0,16,0,1,1,0,0,2,2,0,0,3,0,0,0,2,0,1,1,0,0
correspondence:wfc.css00421.xml,3,0,0,4,1,0,0,1,0,0,1,0,2,0,0,0,1,0,0,0,1,0,11,0,2,1,0,0,3,1,0,0,0,0,0,0,2,0,1,0,0,0
correspondence:wfc.css00404.xml,3,0,3,0,0,0,0,1,0,0,1,0,1,0,0,0,3,0,0,0,0,7,4,1,1,1,0,0,3,1,0,0,0,0,0,0,1,0,1,0,0,0
correspondence:wfc.css00396.xml,3,0,0,4,1,0,0,1,0,0,1,0,2,0,0,0,2,0,0,0,0,0,7,0,2,1,0,0,3,1,1,0,2,0,0,0,1,0,1,0,0,0
correspondence:wfc.css00418.xml,3,0,0,3,1,0,2,1,2,0,1,2,2,0,0,0,4,0,0,0,1,0,17,0,3,1,0,0,8,4,0,0,0,0,0,0,2,2,1,0,0,0
correspondence:wfc.css00602.xml,0,0,0,7,2,0,0,1,0,1,1,2,1,0,0,0,0,0,0,0,0,0,3,0,0,1,0,0,1,1,0,0,3,0,0,0,2,0,1,2,0,0
correspondence:wfc.css00397.xml,1,0,0,0,0,0,0,1,0,0,1,0,1,0,0,0,1,0,0,0,0,0,5,0,1,1,0,0,5,1,0,0,0,0,0,0,1,0,1,0,0,0
correspondence:wfc.css00605.xml,0,0,0,3,1,0,0,1,0,1,1,0,1,0,0,0,0,0,0,0,0,0,2,0,0,1,0,0,1,1,0,0,2,0,0,0,2,0,1,1,0,0
correspondence:wfc.css00419.xml,1,0,0,0,0,0,0,1,0,0,1,0,1,0,0,0,1,0,0,0,0,0,12,0,1,1,0,0,1,0,0,0,0,0,0,0,0,0,1,0,0,0
correspondence:wfc.css00030.xml,0,0,0,0,0,0,0,1,0,0,0,0,1,0,0,0,0,0,0,0,0,0,0,0,1,1,0,0,2,1,0,1,0,0,0,0,2,0,1,0,0,1
correspondence:wfc.css00603.xml,0,0,0,0,0,0,0,1,0,1,1,0,1,0,0,0,0,0,0,0,0,0,2,0,1,1,0,0,1,1,0,0,2,0,0,0,2,0,1,0,0,0
correspondence:wfc.css00384.xml,0,0,1,0,0,0,11,1,11,1,1,1,1,0,0,0,1,0,0,0,1,0,10,0,1,1,0,0,3,2,1,0,5,0,0,0,2,11,1,0,0,0
correspondence:wfc.css00414.xml,3,0,1,4,1,0,1,1,1,0,1,0,2,0,0,0,1,0,0,0,0,0,11,0,2,1,0,0,2,2,0,0,0,0,0,0,2,1,1,0,0,0
